keywords,frequency
data,1308
compliance,1057
risk,909
business,453
information,442
management,441
customer,398
solution,373
process,308
time,294
fraud,292
platform,287
services,271
customers,242
client,239
companies,237
security,235
requirements,232
solutions,220
identity,220
company,218
system,216
verification,202
systems,200
risks,181
access,181
clients,178
performance,173
reports,173
technology,172
review,165
analytics,156
regulations,156
market,154
service,154
analysis,153
checks,153
monitoring,152
kyc,144
rules,138
software,137
firms,135
control,134
documents,132
users,132
help,131
investment,127
intelligence,121
document,117
support,117
sanctions,115
changes,113
use,112
industry,112
diligence,110
institutions,109
transactions,108
audit,107
aml,107
team,104
network,104
models,102
experience,102
processes,102
transaction,102
controls,100
firm,98
sources,98
manage,98
policies,97
machine,95
credit,95
obligations,94
regulators,93
world,90
program,90
alerts,89
reporting,89
records,88
approach,87
surety,87
integration,86
teams,84
order,83
work,83
money,83
trade,82
protection,82
activities,81
activity,81
view,81
results,80
assessment,80
portfolio,78
api,77
organization,76
authentication,76
account,76
research,75
organisations,75
businesses,73
efficiency,72
features,72
capture,72
way,71
environment,71
organisation,71
media,70
governance,70
report,70
detection,70
privacy,70
individuals,69
lists,69
check,69
products,68
monitor,68
banks,68
level,67
issues,67
ownership,67
search,67
application,66
entities,66
quality,65
case,65
reviews,64
source,64
development,63
documentation,63
entity,63
enterprise,63
cost,62
automation,62
execution,62
decisions,61
action,61
trading,61
record,61
benefits,61
validation,61
tools,61
realtime,61
needs,60
create,60
number,60
ability,60
policy,60
organizations,60
capabilities,60
range,59
coverage,59
id,59
delivers,58
procedures,58
gdpr,57
identities,57
employees,56
basis,56
costs,56
positives,56
partners,56
database,56
countries,56
regulation,55
details,55
asset,54
model,54
fund,54
identification,54
value,53
product,53
funds,53
surveillance,53
track,53
today,52
types,52
bank,52
address,52
employee,52
programs,52
offers,52
secure,52
options,52
assets,51
engine,51
requests,51
actions,51
insights,51
decision,50
content,50
managers,50
group,50
experts,50
accuracy,50
reputation,50
meet,49
response,49
viclarity,49
email,48
change,48
markets,48
place,48
methods,47
processing,47
web,47
tool,47
communications,46
resources,46
video,46
payment,46
user,46
person,46
aqmetrics,45
owners,45
conduct,44
form,44
operations,44
levels,44
trades,44
eco,44
remediation,44
channels,44
exposure,43
part,43
infrastructure,43
practices,43
areas,43
status,43
antimoney,42
communication,41
state,41
training,41
accounts,41
framework,41
staff,40
applications,40
banking,40
power,39
opportunities,39
list,39
technologies,39
design,39
prevention,39
tax,39
dashboards,39
people,39
transparency,38
functionality,38
threats,38
investigation,38
implementation,37
challenges,37
assessments,37
structure,37
impact,37
law,37
score,37
evidence,37
date,36
collection,36
news,36
auto,36
suppliers,36
ii,35
plan,35
office,35
mifid,34
aca,34
forms,34
standards,34
cyber,34
custom,34
workflows,34
ecosystem,34
interface,34
institution,34
visibility,34
sales,34
relationships,34
knowledge,33
functions,33
breaches,33
enables,33
language,33
country,33
loss,33
tasks,32
online,32
accountability,32
updates,32
government,32
increase,31
insurance,31
thirdparty,31
name,31
cases,31
fines,31
picture,31
core,30
providers,30
cybersecurity,30
questions,30
addition,30
event,30
laundering,30
deals,30
trail,30
years,29
manager,29
lifecycle,29
day,29
need,29
enforcement,29
crime,29
party,29
jurisdictions,29
rates,29
trust,29
northrow,29
professionals,28
practice,28
marketing,28
comply,28
productivity,28
vendors,28
storage,28
notifications,28
financials,28
complexity,27
persons,27
regulator,27
dashboard,27
events,27
leverage,27
challenge,27
profiles,27
signature,27
act,26
modules,26
project,26
module,26
structures,26
sanction,26
repository,26
integrity,26
investigations,26
automate,26
focus,26
health,26
device,26
payments,26
revenue,26
voice,26
example,25
step,25
assistance,25
deal,25
times,25
matches,25
metrics,25
networks,25
corruption,25
views,25
directors,25
damage,25
finance,24
resource,24
transfer,24
call,24
officers,24
workflow,24
penalties,24
capability,24
location,24
formats,24
subjects,24
image,24
biometrics,24
behaviosec,24
analysts,24
strategy,23
adviser,23
resolution,23
reference,23
pricing,23
interest,23
identify,23
prevent,23
attacks,23
strength,23
provide,23
option,23
regtech,23
everything,23
file,23
files,23
rate,23
overview,23
groups,23
corvil,23
hundreds,22
offer,22
expertise,22
stakeholders,22
rule,22
officer,22
perform,22
parties,22
requirement,22
effort,22
deliver,22
share,22
recognition,22
base,22
cdd,22
type,22
match,22
conversion,22
rights,22
sign,22
role,22
app,22
pep,22
portfolios,21
instruments,21
points,21
steps,21
effectiveness,21
compliant,21
responsibilitie,21
flexibility,21
history,21
face,21
behaviors,21
rest,21
interactions,21
reconciliation,21
industries,21
cloud,21
bot,21
packet,21
catalyst,21
supplier,21
amount,20
optimization,20
variety,20
filings,20
insight,20
gaps,20
recommendations,20
provider,20
size,20
learning,20
volume,20
mitigation,20
task,20
platforms,20
devices,20
test,20
items,20
laws,20
days,20
algorithms,20
confidence,20
factor,20
limits,20
bribery,20
growth,20
axioma,20
complysci,20
fenergo,20
guidance,19
calculation,19
comparison,19
parameters,19
scenarios,19
investors,19
patterns,19
advisers,19
efforts,19
point,19
analyses,19
members,19
findings,19
departments,19
errors,19
code,19
assurance,19
ways,19
understand,19
profile,19
query,19
bsaaml,19
minutes,19
sets,19
threat,19
friction,19
suitability,19
card,19
photo,19
pass,19
problem,18
year,18
sec,18
personnel,18
registration,18
oversight,18
seamless,18
connections,18
speed,18
context,18
purposes,18
identifies,18
analyst,18
apis,18
class,18
obligation,18
error,18
templates,18
databases,18
factors,17
supports,17
result,17
targets,17
globe,17
position,17
environments,17
filing,17
approval,17
responses,17
searches,17
certifications,17
tests,17
losses,17
names,17
projects,17
seconds,17
vendor,17
lines,17
cash,17
suite,17
architecture,17
passport,17
images,17
validate,17
measure,16
positions,16
classification,16
examination,16
feeds,16
landscape,16
strategies,16
terms,16
maintain,16
certification,16
plans,16
aspects,16
deadlines,16
guidelines,16
generation,16
mobile,16
techniques,16
request,16
store,16
reduces,16
configuration,16
notices,16
fields,16
theta,16
board,16
maps,16
map,16
month,16
financing,16
links,16
behavior,16
theft,16
recordings,16
governor,16
methodologies,15
calculations,15
link,15
audits,15
measures,15
key,15
success,15
center,15
gap,15
spreadsheets,15
vulnerabilities,15
terrorism,15
production,15
relationship,15
allows,15
text,15
respond,15
vision,15
phone,15
consent,15
legislation,15
get,15
multiple,15
legacy,15
traffic,15
counterparties,15
criteria,15
life,15
peps,15
latency,15
standard,15
corlytics,15
exchanges,15
actimize,15
price,14
advertising,14
materials,14
implement,14
securities,14
inhouse,14
permissions,14
exchange,14
topics,14
period,14
emails,14
encryption,14
proof,14
question,14
stay,14
innovation,14
line,14
monitors,14
efficiencies,14
trails,14
registers,14
millions,14
sector,14
noncompliance,14
others,14
end,14
integrate,14
cass,14
advantage,14
satisfaction,14
fintech,14
identifiers,14
configure,14
watch,14
journey,14
identitymind,14
actimizewatch,14
allocation,13
screen,13
education,13
fca,13
northpoint,13
master,13
deployment,13
consultants,13
commodity,13
combination,13
department,13
problems,13
connection,13
partner,13
aggregation,13
thresholds,13
benefit,13
contracts,13
roles,13
addresses,13
validates,13
volumes,13
categories,13
robust,13
purchase,13
spot,13
answers,13
pressure,13
format,13
traceability,13
counterparty,13
currencies,13
validity,13
sectors,13
page,13
antibribery,13
reconciliations,13
flow,13
mitigate,13
fraudsters,13
datasets,13
agencies,13
ai,13
alert,13
extraction,13
hours,13
age,13
returns,12
area,12
prices,12
equity,12
target,12
derivatives,12
cryptocurrency,12
futures,12
stage,12
meets,12
concerns,12
building,12
breach,12
set,12
collaboration,12
transparent,12
standalone,12
detail,12
priority,12
amounts,12
retention,12
calls,12
anomalies,12
channel,12
currency,12
integrations,12
scores,12
assess,12
broker,12
investor,12
safetynet,12
combines,11
investments,11
demands,11
methodology,11
disclosures,11
consulting,11
meeting,11
provision,11
perspective,11
completion,11
feedback,11
expectations,11
advisors,11
thousands,11
improvement,11
culture,11
verifications,11
entry,11
scenario,11
community,11
elements,11
watchlist,11
billions,11
customization,11
fincen,11
determine,11
transform,11
field,11
codes,11
simplifies,11
contract,11
auditability,11
stability,11
classes,11
creation,11
highlights,11
articles,11
officials,11
cycle,11
numbers,11
certificate,11
union,11
merchant,11
making,11
peer,11
director,11
verify,11
brokers,11
cappitech,11
scientists,11
batch,11
ticker,11
plant,11
burden,11
executives,11
discovery,11
brand,11
outreach,11
reconstruction,11
conversations,11
traction,11
rdc,11
advice,10
availability,10
stress,10
region,10
benchmark,10
finra,10
maintenance,10
agreements,10
commission,10
procedure,10
andor,10
violations,10
collateral,10
force,10
eu,10
penetration,10
incident,10
notes,10
download,10
words,10
retrieval,10
installation,10
ctr,10
means,10
locations,10
house,10
register,10
limit,10
post,10
abuse,10
shareholder,10
questionnaires,10
interaction,10
acquisition,10
feature,10
demonstrate,10
issue,10
autorek,10
guarantee,10
trends,10
gain,10
export,10
whilst,10
consumer,10
study,10
pci,10
treat,10
orbis,10
arm,10
authorities,10
connects,10
ctf,10
feed,10
participants,10
intelligent,10
programmes,10
art,10
computer,10
logicgate,10
distributors,10
return,9
preparation,9
examinations,9
offices,9
recovery,9
objectives,9
conditions,9
ensures,9
consistency,9
inspection,9
consultation,9
authority,9
administration,9
cftc,9
assistant,9
europe,9
specialists,9
protocols,9
portability,9
completeness,9
accurate,9
distribution,9
accordance,9
inventory,9
peers,9
combat,9
screening,9
future,9
metadata,9
kycaml,9
amlctf,9
commitment,9
egrc,9
scalability,9
default,9
enhance,9
night,9
delivery,9
hardware,9
failure,9
side,9
empowers,9
calculates,9
package,9
consolidation,9
safeguards,9
peace,9
mind,9
foundation,9
outcomes,9
statements,9
exceptions,9
attribution,9
indicators,9
responsibility,9
supervision,9
scale,9
savings,9
incentives,9
parent,9
comparables,9
ids,9
orders,9
rts,9
margin,9
cards,9
clock,9
synchronization,9
voip,9
triage,9
pii,9
home,9
streamline,9
turnaround,9
consumers,9
impersonation,9
rg,9
imeta,9
body,8
states,8
scope,8
definition,8
series,8
dozens,8
examiners,8
developers,8
offerings,8
bdc,8
background,8
liquidity,8
schedule,8
brokerdealers,8
components,8
licence,8
things,8
expert,8
towards,8
effect,8
appropriateness,8
manner,8
evaluation,8
posture,8
prepare,8
skills,8
detects,8
attack,8
exception,8
property,8
sessions,8
session,8
crossmodule,8
configurability,8
demonstration,8
remote,8
progress,8
analyze,8
suretysanctions,8
send,8
auditors,8
version,8
import,8
months,8
contact,8
incidents,8
hub,8
crisis,8
ucits,8
cpopqr,8
timeframes,8
enterprises,8
ideal,8
crimes,8
suit,8
awareness,8
leader,8
priorities,8
bodies,8
applies,8
settlement,8
handbook,8
regions,8
visualization,8
apps,8
connectivity,8
truth,8
hosts,8
flags,8
fatca,8
slength,8
emir,8
tablet,8
etc,8
science,8
precision,8
matter,8
frauds,8
crosschannel,8
tracks,8
takeover,8
cookie,8
sms,8
transformation,8
audio,8
clareti,8
bitcoin,8
cnh,8
learn,8
reviewers,8
alt,8
tradetransactio,8
trulioo,8
selection,7
adapt,7
approaches,7
demand,7
nature,7
instrument,7
cuttingedge,7
define,7
see,7
construction,7
circumstances,7
deficiencies,7
assist,7
align,7
easytouse,7
agency,7
advisor,7
brokerage,7
member,7
workload,7
section,7
logs,7
sites,7
traders,7
websites,7
gips,7
disclosure,7
offering,7
visits,7
reputational,7
box,7
credentials,7
engineering,7
domain,7
attempts,7
mapping,7
ease,7
ratings,7
trigger,7
kyccdd,7
run,7
disparate,7
engines,7
notification,7
values,7
ondemand,7
papers,7
paper,7
ones,7
internet,7
languages,7
build,7
carriers,7
owner,7
panel,7
covers,7
units,7
developments,7
consequences,7
customize,7
escalation,7
balances,7
serve,7
income,7
drivers,7
lets,7
balance,7
make,7
attention,7
opportunity,7
criminals,7
antifraud,7
bots,7
margins,7
employment,7
enrichment,7
bureau,7
crs,7
capptivate,7
works,7
advantages,7
cloudmargin,7
reliability,7
reminders,7
supervisor,7
messages,7
right,7
convenience,7
function,7
associations,7
website,7
article,7
court,7
chain,7
kyb,7
rating,7
increases,7
labor,7
darknet,7
remain,7
thisisme,7
globalgateway,7
trunomi,7
regime,6
letter,6
interviews,6
disaster,6
periods,6
comprehensive,6
fees,6
letters,6
pool,6
questionnaire,6
permission,6
aifmd,6
concern,6
consultations,6
statistics,6
timeliness,6
administrators,6
manuals,6
representation,6
input,6
prospects,6
dates,6
iso,6
password,6
realworld,6
manipulation,6
protections,6
template,6
domains,6
pay,6
instant,6
impacts,6
portal,6
connect,6
lot,6
array,6
facilitates,6
moment,6
phase,6
hits,6
fingertips,6
ground,6
instance,6
element,6
let,6
auditor,6
onboarding,6
weeks,6
competition,6
category,6
drives,6
transmission,6
button,6
shareholders,6
sensitivity,6
insider,6
trader,6
movements,6
trend,6
bulk,6
mechanism,6
specific,6
host,6
click,6
filter,6
purpose,6
cause,6
choose,6
r,6
agents,6
workers,6
rise,6
centers,6
dataset,6
continuity,6
cookies,6
protect,6
cut,6
fact,6
comparability,6
profit,6
efficient,6
benchmarks,6
compare,6
silos,6
crm,6
filters,6
dijk,6
sftr,6
utility,6
classify,6
watchlists,6
matching,6
pictures,6
supervisors,6
capital,6
custody,6
importance,6
frameworks,6
drive,6
leaders,6
captures,6
disruption,6
packets,6
certificates,6
scripts,6
cube,6
lake,6
supply,6
chains,6
detections,6
graph,6
keywords,6
hkma,6
require,6
pages,6
approvals,6
usability,6
signers,6
typologies,6
otc,6
gather,6
cover,6
scrutiny,6
guys,6
geography,6
authenticate,6
character,6
selfie,6
intervention,6
passports,6
residence,6
fis,6
agreement,6
border,6
mining,6
smartsearch,6
steeleye,6
multipoint,6
wealth,5
reason,5
frequency,5
valuations,5
volatility,5
index,5
inspections,5
mock,5
discussions,5
assists,5
ims,5
warehouse,5
reach,5
mandates,5
initiatives,5
distributor,5
unit,5
boards,5
telephone,5
ethics,5
meetings,5
stock,5
hr,5
principles,5
aid,5
books,5
parts,5
server,5
vulnerability,5
exercise,5
faster,5
thanks,5
jones,5
pdf,5
copy,5
attributes,5
taxonomy,5
sections,5
descriptions,5
charge,5
dollars,5
pieces,5
negativenews,5
arms,5
fuzzy,5
relevant,5
digital,5
stores,5
creates,5
histories,5
sar,5
logic,5
quarter,5
hifca,5
instances,5
component,5
delays,5
keeps,5
crossborder,5
minimise,5
aggregate,5
venues,5
administrator,5
operators,5
followup,5
specialist,5
provisions,5
dpo,5
charts,5
pseudonymisatio,5
governments,5
exposures,5
proportionate,5
accelerate,5
improvements,5
comments,5
observations,5
surface,5
corporations,5
contractors,5
nations,5
construct,5
hour,5
accounting,5
hierarchies,5
granularity,5
turn,5
dependency,5
space,5
dimensions,5
prevents,5
style,5
choice,5
correction,5
builtin,5
signals,5
workforce,5
malware,5
degree,5
turnover,5
bigcontrols,5
firewalls,5
runs,5
collect,5
simple,5
lots,5
consultancy,5
interpret,5
streamlines,5
explorer,5
clarity,5
situation,5
beps,5
family,5
triggers,5
move,5
multiples,5
van,5
calculate,5
procurement,5
library,5
datadriven,5
behalf,5
matters,5
thing,5
fast,5
upload,5
magnitude,5
categorisation,5
jurisdiction,5
forensics,5
layer,5
message,5
load,5
eg,5
experiences,5
intent,5
combats,5
saas,5
sample,5
loyalty,5
cydesk,5
complexities,5
ekyc,5
dathena,5
categorization,5
detect,5
speeds,5
duedil,5
edd,5
plug,5
amlkyc,5
formalities,5
counter,5
branch,5
boundaries,5
gresham,5
verifies,5
revolution,5
confirm,5
consolidate,5
care,5
highquality,5
mitigations,5
merlon,5
segmentation,5
gateway,5
reconstruct,5
territories,5
directorships,5
hlaccentpng,5
performs,5
rent,5
convenient,5
videos,5
script,5
eidv,5
cfpb,5
loan,5
multichannel,5
facts,4
estate,4
valuation,4
kinds,4
submission,4
car,4
exams,4
backoffice,4
planning,4
setup,4
mergers,4
consultant,4
expenses,4
leadership,4
cryptocurrencie,4
membership,4
periodic,4
inquiries,4
calendar,4
statement,4
authorisation,4
receipt,4
partnership,4
examiner,4
norms,4
claims,4
goals,4
contributions,4
facilitate,4
adherence,4
claim,4
aponix,4
nycrr,4
alignment,4
goods,4
essentials,4
attacker,4
hackers,4
site,4
avoid,4
allatus,4
word,4
becomes,4
modify,4
wish,4
subpoenasearch,4
ofac,4
stakes,4
draganddrop,4
transit,4
occurrence,4
fly,4
uploads,4
integrates,4
stamp,4
log,4
loop,4
expiration,4
queue,4
assign,4
arrange,4
goal,4
confidentiality,4
shop,4
hidta,4
defence,4
tolerances,4
optimisation,4
mgas,4
servers,4
top,4
certainty,4
bestinclass,4
commodities,4
september,4
peaks,4
duration,4
rejection,4
bespoke,4
controllers,4
push,4
safety,4
correct,4
majority,4
fatf,4
asaservice,4
weightings,4
manual,4
induction,4
competency,4
asia,4
firstclass,4
salt,4
eye,4
introduction,4
associates,4
conflicts,4
medium,4
survey,4
heatmaps,4
roi,4
attestations,4
remittance,4
reduction,4
debts,4
migration,4
rp,4
practitioners,4
oil,4
python,4
variations,4
ratios,4
expansion,4
decrease,4
smcr,4
passwords,4
grade,4
adoption,4
travel,4
transfers,4
checkout,4
solves,4
conversation,4
layers,4
excellence,4
combine,4
borders,4
directives,4
premise,4
investigate,4
prioritization,4
overviews,4
hold,4
figures,4
makers,4
heat,4
zephyr,4
acquisitions,4
tables,4
appetite,4
spend,4
grow,4
tune,4
basel,4
checking,4
visualize,4
knowhow,4
reformats,4
likelihood,4
executions,4
deviations,4
fill,4
stages,4
downstream,4
compliy,4
output,4
segments,4
play,4
characteristics,4
implements,4
sense,4
ios,4
gains,4
equities,4
venue,4
bandwidth,4
operating,4
cat,4
timeline,4
desk,4
gartner,4
investigators,4
extract,4
scales,4
agility,4
keep,4
smitch,4
advocacy,4
registrations,4
situations,4
behaviour,4
representatives,4
litigation,4
catalogue,4
phrases,4
highrisk,4
job,4
city,4
dark,4
browser,4
replacement,4
signup,4
accessibility,4
callbacks,4
pioneers,4
omnichannel,4
mail,4
enforcd,4
frequencies,4
pace,4
cdot,4
incorporation,4
streams,4
players,4
governancecom,4
transcription,4
head,4
leverages,4
actors,4
escalations,4
wallets,4
origination,4
liveness,4
chances,4
authenticity,4
symptoms,4
smartphone,4
prove,4
queries,4
facility,4
jumio,4
concierge,4
hand,4
playbook,4
indexto,4
story,4
muinmos,4
onboard,4
behaviours,4
rpa,4
demo,4
permit,4
immigration,4
excuse,4
birth,4
passcodes,4
healthcare,4
anonymisation,4
onus,4
signaturit,4
signer,4
holder,4
supervise,4
tamperproof,4
debt,4
unions,4
erm,4
avoids,4
advances,3
constraints,3
functionalities,3
correlations,3
something,3
examples,3
book,3
january,3
sheet,3
worldwide,3
combinations,3
evolution,3
estimation,3
fsa,3
weaknesses,3
rr,3
front,3
designs,3
release,3
affiliates,3
supervisory,3
newsletter,3
cornerstone,3
operation,3
material,3
pack,3
join,3
highlight,3
glg,3
treatment,3
holdings,3
custodians,3
secondment,3
transitions,3
perspectives,3
associate,3
longterm,3
fulltime,3
additions,3
entertainment,3
fmcc,3
sfc,3
credibility,3
assumptions,3
profits,3
march,3
hacker,3
campaigns,3
defenses,3
tester,3
giac,3
handler,3
remediate,3
pre,3
posttrade,3
allocations,3
settings,3
extracts,3
dow,3
visualisation,3
find,3
contrast,3
ongoing,3
sars,3
piece,3
nonsanctions,3
aka,3
subscriptions,3
soundex,3
jarowinkler,3
distance,3
deception,3
customizability,3
cecl,3
extension,3
installations,3
cyberrisk,3
economy,3
libraries,3
cas,3
fullservice,3
condition,3
keystroke,3
folders,3
imagine,3
manila,3
bar,3
course,3
edit,3
collections,3
everyone,3
patriot,3
headaches,3
deadline,3
purchases,3
arises,3
fit,3
university,3
vice,3
drug,3
ffiec,3
unique,3
benchmarking,3
prospect,3
carrier,3
usage,3
anytime,3
centric,3
era,3
var,3
vega,3
pretrade,3
playback,3
annex,3
cpo,3
pf,3
collation,3
tailor,3
repositories,3
term,3
subject,3
modifications,3
utilisation,3
processors,3
displays,3
lack,3
zone,3
lawyers,3
accountants,3
kingdom,3
ireland,3
selfassessment,3
slice,3
dice,3
divisions,3
courses,3
maturity,3
understood,3
undertaking,3
rekognize,3
pressures,3
journals,3
dependencies,3
bottlenecks,3
ledgers,3
onpremise,3
lookup,3
root,3
shortfalls,3
inefficiencies,3
allow,3
strengths,3
stateoftheart,3
inputs,3
horizons,3
optimize,3
optimizer,3
eliminate,3
interact,3
restful,3
forecasts,3
refine,3
geographies,3
vantage,3
axiom,3
mi,3
liabilities,3
tokens,3
bypass,3
protocol,3
stack,3
takeovers,3
consortium,3
rejections,3
willingness,3
desktops,3
simplify,3
datacenter,3
isolation,3
worldclass,3
dynamics,3
hosting,3
look,3
graphs,3
researchers,3
talk,3
duediligence,3
centralize,3
refresh,3
mint,3
enrich,3
acquirers,3
journalists,3
tp,3
cbc,3
capacity,3
acceptance,3
competitors,3
committees,3
classifications,3
ratio,3
eliminates,3
decisionmakers,3
headache,3
tr,3
implications,3
race,3
im,3
instructions,3
outofthebox,3
eligibility,3
aria,3
nlu,3
icon,3
warning,3
submit,3
stamps,3
contribution,3
desktop,3
normalization,3
preclearance,3
ingestion,3
restrictions,3
generate,3
assure,3
agent,3
enforcements,3
categorises,3
grc,3
desks,3
tick,3
timestamps,3
flows,3
removes,3
diverse,3
segment,3
hashes,3
ato,3
threshold,3
operator,3
preferences,3
fraudster,3
programme,3
mistakes,3
complex,3
computation,3
duties,3
reveal,3
improves,3
machines,3
characters,3
tag,3
enforce,3
mas,3
assesses,3
banner,3
executive,3
limitations,3
hiring,3
reasons,3
reverse,3
dydon,3
kind,3
legality,3
guarantees,3
esign,3
eidas,3
validus,3
bsa,3
reform,3
mifir,3
statuses,3
potential,3
perfect,3
beneficial,3
speech,3
adaptation,3
lending,3
regimes,3
depositaries,3
nt,3
glassbox,3
analyse,3
confirmation,3
past,3
communicate,3
cr,3
understands,3
adapts,3
population,3
iii,3
paradox,3
handle,3
decade,3
intuitions,3
ldentitymind,3
influence,3
victim,3
edna,3
receives,3
prebuilt,3
identitylink,3
save,3
ocr,3
courts,3
idfy,3
signs,3
north,3
america,3
autoident,3
licenses,3
offline,3
ask,3
driver,3
terrorist,3
sdk,3
abc,3
mean,3
stories,3
xbrl,3
thwart,3
eyes,3
toolkit,3
violation,3
duplication,3
erasure,3
permutations,3
brings,3
idea,3
cuts,3
secures,3
gathering,3
simulation,3
star,3
irs,3
fi,3
rails,3
deposit,3
collusion,3
responsiveness,3
actone,3
flag,3
lookups,3
permits,3
breadth,3
ensuring,3
embeds,3
gleeson,3
multisource,3
pain,3
tenants,3
places,3
employers,3
visa,3
interests,3
uses,3
payfone,3
quantexa,3
leads,3
transition,3
usecases,3
filtering,3
convictions,3
outlook,3
x,3
volcker,3
emulators,3
intervenability,3
ediscovery,3
consequence,3
inform,3
zoom,3
become,3
multilayer,3
harness,3
prism,3
award,3
redirect,3
zivver,3
innovations,2
computers,2
roboadvisory,2
december,2
priips,2
solve,2
pension,2
prevalence,2
hedge,2
fundguru,2
select,2
universe,2
subscription,2
exam,2
matrix,2
technologists,2
plugandplay,2
direction,2
studies,2
schedules,2
regression,2
presentation,2
subadvisers,2
complexes,2
families,2
trusts,2
vehicles,2
sponsors,2
rigors,2
bdcs,2
backgrounds,2
walkthroughs,2
adv,2
depository,2
chief,2
conference,2
association,2
principals,2
inconsistencies,2
spots,2
press,2
rankings,2
mrs,2
submissions,2
absences,2
cco,2
seniority,2
commissions,2
ideas,2
anyone,2
postimplementat,2
satisfy,2
roadmap,2
pitfalls,2
marketplace,2
engagement,2
residents,2
york,2
ciso,2
phishing,2
deploy,2
exploit,2
attempt,2
owasp,2
visit,2
checklists,2
paste,2
mentions,2
aggregates,2
videobot,2
customisation,2
split,2
onpremises,2
advance,2
excel,2
fight,2
negatives,2
percent,2
powerhouse,2
hit,2
leap,2
arabia,2
perceptions,2
ctrs,2
populate,2
decide,2
optional,2
dataservice,2
boasts,2
levenshtein,2
catch,2
iran,2
fcpa,2
egrg,2
happen,2
imperatives,2
prediction,2
specializations,2
riskmitigation,2
datacollection,2
determines,2
desire,2
cddkyc,2
kyccddedd,2
menu,2
recalculations,2
folder,2
boxes,2
selections,2
someone,2
datetime,2
qms,2
figure,2
worries,2
nightmare,2
zip,2
please,2
memory,2
insure,2
reviewed,2
sends,2
contacts,2
conventions,2
configurations,2
microsoft,2
budget,2
intensity,2
reassessment,2
council,2
ie,2
subscribers,2
identifier,2
inefficiency,2
apexa,2
mga,2
signatures,2
delay,2
update,2
firewall,2
intrusion,2
readytouse,2
rationales,2
protects,2
developer,2
redundancy,2
gamma,2
composition,2
indicator,2
signal,2
mandate,2
bafin,2
pattern,2
iv,2
discretion,2
shares,2
guesswork,2
delegation,2
interview,2
generates,2
refers,2
cumbersome,2
assent,2
xml,2
termination,2
caters,2
anonymise,2
inbound,2
immediate,2
snapshot,2
handlers,2
destruction,2
fall,2
handles,2
removal,2
commitments,2
gatekeepers,2
panama,2
considers,2
canada,2
counterterroris,2
mailouts,2
encounter,2
gifts,2
managing,2
notforprofit,2
resilience,2
sophistication,2
prioritise,2
revenues,2
schemes,2
presents,2
ascent,2
develop,2
pdfs,2
route,2
deployments,2
attestation,2
substantiate,2
substantiation,2
interrogation,2
guides,2
invoices,2
ledger,2
relations,2
deductions,2
put,2
closure,2
differences,2
signoff,2
cmar,2
sup,2
highs,2
depth,2
interactivity,2
underestimation,2
optimizers,2
variants,2
crises,2
spreads,2
produce,2
modeling,2
baskets,2
constraint,2
hierarchy,2
interfaces,2
forecast,2
adjustment,2
show,2
difference,2
drill,2
glance,2
recordkeeping,2
arrangements,2
patents,2
enterprisegrade,2
tech,2
elimination,2
repeat,2
ecommerce,2
door,2
tomorrow,2
contain,2
tablets,2
valuable,2
running,2
highperformance,2
employ,2
adheres,2
transport,2
passionate,2
recommendation,2
anticorruption,2
poses,2
sheets,2
countrybycountr,2
disputeresoluti,2
corporategroup,2
localentity,2
traits,2
wherever,2
fame,2
researcher,2
league,2
wizards,2
versions,2
competitor,2
speak,2
consumption,2
mdm,2
enriches,2
percentage,2
trials,2
auditdefence,2
crms,2
better,2
bankfocus,2
aim,2
affiliations,2
pivot,2
conflict,2
well,2
standardize,2
timeseries,2
variables,2
navigation,2
synergies,2
likes,2
cysec,2
cboi,2
mfsa,2
brexit,2
bidask,2
half,2
cycles,2
readiness,2
fuel,2
vm,2
timelines,2
reconcile,2
optimise,2
inefficient,2
heart,2
deserves,2
provenance,2
transliteration,2
synonyms,2
misspellings,2
stop,2
complyadvantage,2
wait,2
minimize,2
clicks,2
keys,2
affiliation,2
endusers,2
room,2
dealer,2
houses,2
subset,2
datacenters,2
barriers,2
alarms,2
replication,2
overlay,2
riskfusion,2
collects,2
illustrate,2
weight,2
pinpoint,2
hotspots,2
profitability,2
rollout,2
symbol,2
tibco,2
workloads,2
outages,2
velocity,2
competitiveness,2
ranking,2
comparisons,2
summary,2
missions,2
block,2
balancers,2
complaints,2
diagnostics,2
mos,2
replay,2
bursts,2
tb,2
compromise,2
endtoend,2
cubot,2
fits,2
efm,2
cnp,2
extreme,2
processor,2
acquirer,2
mule,2
logins,2
subsecond,2
mobility,2
sme,2
ecosystems,2
fusion,2
complements,2
tailormade,2
workshops,2
infiltration,2
talent,2
bsc,2
complaint,2
official,2
enquiries,2
packages,2
categorize,2
creators,2
citizens,2
finma,2
liability,2
discuss,2
lead,2
notice,2
inline,2
javascript,2
categorise,2
tealium,2
hurdles,2
reputations,2
candidate,2
registries,2
engage,2
dives,2
gazette,2
ccjs,2
trees,2
logics,2
taxonomies,2
blockchain,2
qr,2
biometry,2
omnidevice,2
multisigner,2
immutability,2
apply,2
pc,2
agenda,2
precise,2
extensibility,2
storm,2
rulesdriven,2
riskscoring,2
chapters,2
infer,2
robotics,2
importation,2
introduces,2
stream,2
reuse,2
finform,2
multifunction,2
contains,2
engineers,2
emotions,2
insurers,2
bi,2
segregation,2
chance,2
consideration,2
compression,2
enabler,2
conformance,2
item,2
attachments,2
tags,2
ceo,2
interrelationsh,2
quotes,2
moments,2
firefighters,2
greenkey,2
police,2
headcount,2
inception,2
fashion,2
society,2
simplicity,2
lineage,2
equivalence,2
comment,2
smart,2
plugin,2
applicability,2
reducing,2
versa,2
bouvier,2
siloed,2
slider,2
trick,2
assembles,2
chargeback,2
ransomware,2
vcra,2
individual,2
dna,2
introducing,2
falsepositives,2
merchants,2
chargebacks,2
start,2
ip,2
pixels,2
alignments,2
facematch,2
underwriters,2
helps,2
forgery,2
public,2
filling,2
conversions,2
videoident,2
conclusion,2
happens,2
adjustments,2
cpf,2
consult,2
kyp,2
idwall,2
meta,2
react,2
lei,2
edgar,2
impression,2
fulfillment,2
multimedia,2
bit,2
openings,2
bills,2
belongs,2
implementations,2
moves,2
confirms,2
shape,2
expectation,2
webtool,2
command,2
execute,2
linkages,2
editor,2
aspect,2
approvers,2
empower,2
achieve,2
portals,2
auditcontrols,2
movement,2
aliases,2
cloudto,2
quick,2
accumulates,2
leading,2
positivesuntil,2
augment,2
systemsai,2
augmentation,2
maturation,2
basisour,2
coins,2
compliancecompl,2
xflow,2
standardspolicy,2
origin,2
spending,2
contractsverify,2
ico,2
robustness,2
apicheck,2
databaseperform,2
servicesmonitor,2
servicescheck,2
cryptoecosystem,2
inconsistent,2
investigator,2
occurrences,2
paperwork,2
expense,2
msbs,2
feel,2
enterprisewide,2
orchestration,2
authenticationi,2
bill,2
exit,2
worth,2
explain,2
selfdevelopment,2
evaluate,2
ecommunications,2
boosts,2
chat,2
swaps,2
ad,2
sort,2
diversity,2
fides,2
latin,2
arab,2
png,2
sandbox,2
relies,2
idv,2
hmt,2
death,2
saasconsolepng,2
directorship,2
classifies,2
nationality,2
lettings,2
landlords,2
scanners,2
legitimacy,2
scans,2
carry,2
heads,2
ambassadors,2
treasury,2
insolvency,2
dropoff,2
multifactor,2
opex,2
ruin,2
reset,2
fonebook,2
sim,2
decades,2
hadoop,2
fuzziness,2
spark,2
expand,2
allegation,2
batches,2
maximize,2
ties,2
focuses,2
modular,2
fragmentation,2
selfservice,2
specifics,2
augments,2
edps,2
controller,2
attendance,2
sedicii,2
signing,2
discover,2
logo,2
dummy,2
hisher,2
archives,2
reviewer,2
directorspartne,2
take,2
outcome,2
judgments,2
disqualificatio,2
sip,2
rca,2
dealt,2
sits,2
frictionless,2
qi,2
dtr,2
crosschecks,2
edge,2
directs,2
chats,2
preapproval,2
fica,2
minute,2
metatrader,2
vitals,2
dpos,2
futureproof,2
average,2
prompts,2
excellent,2
anti,2
checklist,2
afford,2
messaging,2
whatsapp,2
zimbabwe,2
footprints,2
aws,2
proud,2
amazon,2
pick,2
voicemail,2
payers,2
buy,1
judgment,1
opinions,1
coincidence,1
literature,1
emergence,1
inventions,1
winners,1
capm,1
markowitz,1
blackscholes,1
selects,1
weights,1
serves,1
psarm,1
multivariate,1
distributions,1
tail,1
dependences,1
volatilities,1
asymmetries,1
airplanes,1
hence,1
determination,1
sellers,1
issuers,1
bib,1
aaaccell,1
quantification,1
lowfrequency,1
valueatrisk,1
reproduction,1
dach,1
possibility,1
skill,1
professors,1
threestage,1
brochures,1
revision,1
engagementmanag,1
mid,1
zones,1
rampup,1
cto,1
consultantstech,1
division,1
researchcompari,1
scrum,1
cadence,1
bdd,1
tdd,1
aggregations,1
closedend,1
reviewgap,1
mai,1
roboadvisers,1
advisory,1
adminstration,1
reasonableness,1
ors,1
secondments,1
suits,1
deficiency,1
webcasts,1
portion,1
premium,1
crd,1
completing,1
registrants,1
licences,1
persistence,1
conscientiousne,1
barrier,1
presubmission,1
preventing,1
note,1
gerson,1
lehman,1
chaperones,1
week,1
trouble,1
presentations,1
ddq,1
testimonials,1
compliancealpha,1
respect,1
blotter,1
departure,1
blotters,1
dealings,1
forums,1
november,1
navigate,1
precompliance,1
compositeconstr,1
guiding,1
composite,1
conjunction,1
adequacy,1
recalculation,1
fundlevel,1
adequate,1
charges,1
strategylevel,1
lends,1
requesters,1
nysdfs,1
laptop,1
rooms,1
penetrate,1
frontline,1
oscp,1
ceh,1
cptc,1
gxpn,1
gcih,1
gsec,1
gcia,1
gwapt,1
vectors,1
cyberattack,1
testing,1
lan,1
proficiency,1
tabletop,1
victims,1
infringe,1
oms,1
dilligences,1
batchrecurrent,1
decreases,1
scane,1
interpretation,1
wider,1
chip,1
constructing,1
alloy,1
reimagines,1
anything,1
careers,1
anchors,1
riskevaluation,1
moreover,1
riskcalculation,1
collecteddata,1
mostcomplete,1
customerspecifi,1
multipleline,1
seem,1
demos,1
illustration,1
questionmanagem,1
conform,1
complyonthefly,1
notation,1
sent,1
acuity,1
auditexaminer,1
auditorexaminer,1
deletions,1
cabinets,1
gremlin,1
steels,1
sometimesworks,1
total,1
tlc,1
participant,1
breeze,1
plenty,1
hassles,1
periodicreview,1
patchwork,1
screenings,1
appreciate,1
complianceaccui,1
eats,1
lunch,1
login,1
basics,1
windows,1
sql,1
iis,1
serverspace,1
cddkycsolution,1
gb,1
locate,1
purchasing,1
subpoena,1
avenue,1
searching,1
onsite,1
onepercentproba,1
listings,1
alsoknownas,1
naming,1
concatenation,1
downloads,1
advise,1
highstakes,1
aspnet,1
stanford,1
waterfall,1
layout,1
qualityassuranc,1
indication,1
qa,1
bug,1
fix,1
president,1
disposal,1
hazards,1
reassess,1
zero,1
county,1
counties,1
spreadsheet,1
quarterlyinvoic,1
anchura,1
interconnection,1
ordain,1
backbone,1
digitization,1
standardisation,1
kpis,1
algorithm,1
mma,1
triangulates,1
proliferation,1
ups,1
sell,1
lapses,1
e,1
renewals,1
workplace,1
visualisations,1
singlepane,1
satisfying,1
satisfies,1
adaptors,1
clarifications,1
isinnumbers,1
narratives,1
catering,1
iphone,1
android,1
graphql,1
pioneer,1
equate,1
worstcase,1
montecarlo,1
convertibles,1
october,1
war,1
subprime,1
july,1
quants,1
aqm,1
mifidii,1
inadvertent,1
esma,1
reward,1
pat,1
pqr,1
accommodate,1
accompany,1
cpos,1
f,1
cusip,1
touch,1
bias,1
dependence,1
initialisation,1
reconfigures,1
blocks,1
surname,1
grounds,1
reconsent,1
servicing,1
wherein,1
incorrect,1
dump,1
terminations,1
delete,1
instructs,1
pseudonymise,1
anonymising,1
concise,1
aggregator,1
count,1
subsets,1
motivations,1
thereof,1
chart,1
cue,1
harmonizing,1
appointment,1
leaks,1
optin,1
timeframe,1
alteration,1
onesizefits,1
overhaul,1
foul,1
reconsents,1
bullion,1
professions,1
adhering,1
onesizefitsalla,1
rba,1
outlines,1
realestate,1
dealers,1
metals,1
cars,1
boats,1
proceeds,1
tranche,1
paradise,1
ml,1
zealand,1
hong,1
kong,1
operationalise,1
remediationsref,1
tens,1
reliance,1
ezykyc,1
highvolumes,1
saves,1
bribes,1
combatting,1
hospitality,1
donations,1
meaning,1
professional,1
cybercriminals,1
hacktivists,1
gapassessment,1
examine,1
existence,1
protectiondata,1
translates,1
perpetrators,1
diagram,1
documentsrules,1
coordinate,1
ftes,1
intercompany,1
reconciles,1
sub,1
journal,1
offs,1
alleviates,1
tighter,1
ingests,1
trial,1
entries,1
debtors,1
debits,1
advices,1
receipts,1
trace,1
acknowledgement,1
promises,1
chasers,1
costeffective,1
prototyping,1
upgrades,1
disaggregation,1
discrepancies,1
minimising,1
lows,1
mitigates,1
breakdown,1
axiomabluetm,1
axiomablue,1
compromises,1
bestofbreed,1
finetune,1
azure,1
ibor,1
investmentmanag,1
riskmanagement,1
viewpoints,1
riskcontrol,1
approximation,1
revaluation,1
stresstesting,1
backtests,1
curve,1
rebalance,1
riskmodel,1
tackle,1
shock,1
optimizertm,1
gui,1
etf,1
longshort,1
cone,1
etfs,1
compositions,1
simulations,1
infeasibilities,1
java,1
matlab,1
revealing,1
brinson,1
drifts,1
bets,1
ssrs,1
cap,1
road,1
portfoliomanage,1
reestimation,1
covariance,1
matrices,1
sensitivities,1
gics,1
cooperation,1
drilldowns,1
multiasset,1
riskreturn,1
shocks,1
sidebyside,1
headline,1
doubt,1
sysc,1
soluition,1
outsource,1
allocate,1
grants,1
offsite,1
vpn,1
twostep,1
webapplication,1
adjust,1
dataaccess,1
interruptions,1
dev,1
telemetry,1
ux,1
schengen,1
geolocation,1
thier,1
csuite,1
peoplebeveledpn,1
requirementsbev,1
incentive,1
wolters,1
outofcompliance,1
tasksbeveledpng,1
hcm,1
reportsbeveledp,1
sliceanddice,1
birds,1
encryptions,1
safe,1
operate,1
mechanisms,1
edits,1
fromto,1
tcp,1
syn,1
mac,1
arp,1
sniffing,1
hypervisor,1
soc,1
fisma,1
sarbanesoxley,1
sox,1
backups,1
highdurability,1
recover,1
https,1
scorecards,1
formulae,1
theory,1
tenders,1
timesaver,1
highvolume,1
lowrisk,1
qualifications,1
annotations,1
royalty,1
duplicate,1
companiesdirect,1
visuals,1
addins,1
colours,1
rumour,1
activeinactiver,1
fulfils,1
smes,1
salesforce,1
licensing,1
dimension,1
treesstructures,1
publishers,1
probability,1
appraisals,1
weakness,1
longevity,1
welcome,1
cddrule,1
economies,1
communities,1
promotion,1
adverse,1
pathfinder,1
students,1
openathens,1
osiris,1
wharton,1
wrds,1
milion,1
student,1
bvd,1
formulations,1
capnovum,1
corporates,1
facilities,1
discounts,1
versus,1
postbrexit,1
trs,1
percustomer,1
customizations,1
uk,1
averages,1
sfts,1
centralise,1
straightthrough,1
straight,1
buyside,1
sellside,1
expenditure,1
ccps,1
inflates,1
centralisation,1
utilise,1
utilities,1
summarise,1
grunt,1
ready,1
smarter,1
richer,1
deeper,1
remembers,1
superstore,1
tofrom,1
interventions,1
easytoadjust,1
formatproduct,1
outliers,1
reject,1
webhooks,1
ipo,1
placement,1
groupings,1
signon,1
enginetm,1
powers,1
quantities,1
spectrum,1
cfocco,1
venture,1
advisorybroker,1
normalize,1
arise,1
restrictedwatch,1
capitalization,1
clearing,1
denominator,1
subadvisors,1
contractor,1
workstation,1
campaign,1
ticket,1
securityprogram,1
curriculum,1
securityreminde,1
salesforcecom,1
buildings,1
mantraps,1
silent,1
patrols,1
generators,1
resupply,1
battery,1
backup,1
ir,1
circuits,1
perimeter,1
basedintrusion,1
andanalytics,1
twofactor,1
datatransfer,1
raid,1
lightsout,1
insecure,1
rd,1
defense,1
storedpasswords,1
tls,1
usersessions,1
granular,1
primarydatacent,1
ptcc,1
privacypolicy,1
harbor,1
safeharborexpor,1
inc,1
dba,1
grx,1
artefacts,1
pensions,1
collates,1
personalise,1
taxomonisation,1
curation,1
machinetime,1
reveals,1
dependent,1
bestbidoffer,1
bbo,1
degradation,1
feedhandler,1
alternatives,1
torrent,1
hop,1
decodes,1
correlates,1
utilization,1
b,1
plugins,1
middleware,1
splunk,1
ingesting,1
monster,1
opra,1
microbursts,1
autodiscovery,1
pinpoints,1
acknowledgment,1
shorttimescales,1
sequence,1
simpler,1
subsequent,1
minimizes,1
millisecond,1
timestamp,1
nanosecond,1
gathers,1
arena,1
negotiate,1
evaluations,1
sentiment,1
opposition,1
intruders,1
game,1
redundant,1
tooling,1
enduser,1
prerequisites,1
compounding,1
congestion,1
wire,1
rtp,1
jitter,1
measurements,1
concurrent,1
appliance,1
handset,1
facets,1
anomaly,1
insiders,1
attackers,1
devastate,1
learns,1
deviates,1
pcaps,1
deadends,1
iot,1
rogue,1
blindspots,1
singleclick,1
multistate,1
blind,1
connector,1
prioritize,1
goto,1
reductions,1
radar,1
lens,1
awards,1
encompasses,1
cyberinformatio,1
spans,1
crossproduct,1
breaker,1
vigilance,1
hrms,1
highvalue,1
leaves,1
corebanking,1
waivers,1
tod,1
shields,1
aids,1
menace,1
mules,1
ib,1
prepaid,1
pos,1
declines,1
auditing,1
silo,1
pollinate,1
crosschannelcro,1
cross,1
terminates,1
endcustomer,1
endcustomers,1
cardcredentials,1
countrycurrency,1
riskexposure,1
utilises,1
thirdparties,1
datacentric,1
cynation,1
defences,1
pia,1
literate,1
rare,1
shortage,1
knowyourcustome,1
artemis,1
cynopsis,1
ares,1
nonfacetoface,1
eknowyourcustom,1
lawful,1
posttransaction,1
remuneration,1
fa,1
iris,1
intermediaries,1
adigitalsurveyp,1
appeal,1
mystery,1
shopping,1
incomes,1
hardtofind,1
deepweb,1
datarama,1
discreet,1
amongst,1
singapore,1
prone,1
derives,1
sifts,1
topic,1
scanning,1
labelling,1
header,1
collaborate,1
stewards,1
promote,1
dlp,1
yields,1
dispersion,1
retirement,1
pdpa,1
trm,1
religion,1
ethnicity,1
hesitate,1
switzerland,1
specify,1
frustration,1
inplatform,1
brands,1
audience,1
visitors,1
subdomains,1
consistent,1
google,1
subprocessors,1
hires,1
preemployment,1
pr,1
discussion,1
subjectsofinter,1
keyword,1
headings,1
relevancy,1
supercomputers,1
onthefly,1
needleinahaysta,1
personality,1
gender,1
occupation,1
equipment,1
ui,1
complete,1
endpoints,1
supercharge,1
dataworks,1
organise,1
uptodate,1
visualise,1
customise,1
bands,1
blacklisting,1
revalidation,1
concept,1
erp,1
kpi,1
globalization,1
alarm,1
inputdata,1
clouds,1
expressions,1
acquracy,1
reader,1
omnichanel,1
minetad,1
perfec,1
grant,1
versatility,1
videoidentifica,1
videconference,1
autodetection,1
mrz,1
cryptograms,1
aes,1
esignature,1
proposal,1
srm,1
whitepaper,1
etrust,1
coherence,1
newsletters,1
possesses,1
teamwork,1
centres,1
mitigating,1
fx,1
fullfunction,1
handling,1
epic,1
proportions,1
backdrop,1
pot,1
buttons,1
justification,1
takeon,1
adhoc,1
refreshes,1
tree,1
degrees,1
taxspecific,1
pertaining,1
prepopulation,1
futureproofed,1
apacspecific,1
reforms,1
promotes,1
delta,1
purposebuilt,1
pillar,1
amlbsa,1
formality,1
lowers,1
accelerates,1
terminals,1
deskcounter,1
ch,1
ag,1
opening,1
fruit,1
emotion,1
harsh,1
transcriptions,1
title,1
vii,1
doddfrank,1
swap,1
enhancedfront,1
negotiation,1
implimentation,1
corpus,1
intentions,1
explainability,1
emotiondetectio,1
angriness,1
plausibility,1
restitution,1
functionnalitie,1
nonucits,1
multijurisdicti,1
repos,1
shareholdings,1
decomposition,1
indices,1
speculation,1
exemptions,1
hedges,1
forth,1
quarterly,1
briefing,1
measurement,1
modernization,1
fundsaxis,1
evidential,1
occupies,1
ombudsman,1
anonymity,1
gdprcompliant,1
forgotten,1
overload,1
nobody,1
conducting,1
richard,1
achieves,1
objects,1
occurs,1
publishes,1
failings,1
libor,1
pra,1
sm,1
sors,1
intel,1
selling,1
transcript,1
alexa,1
eyesup,1
transcribe,1
crash,1
path,1
humans,1
boardroom,1
mantra,1
chairman,1
recognise,1
riskregulatory,1
decent,1
comprehensivene,1
built,1
intraday,1
reality,1
bear,1
pressing,1
gdp,1
nextgeneration,1
hawk,1
integrator,1
schema,1
multiuse,1
columns,1
transformations,1
andy,1
column,1
steroids,1
deviceip,1
doc,1
regioncountry,1
regs,1
evaders,1
narcotics,1
interval,1
conroy,1
realize,1
weed,1
exits,1
know,1
ldentity,1
viewing,1
nationals,1
deviation,1
shops,1
falsenegatives,1
browsers,1
rings,1
ops,1
tm,1
builds,1
tin,1
stats,1
cartels,1
machinelearning,1
clearance,1
foolproof,1
fraudsense,1
breakthrough,1
sdks,1
recruiters,1
statutory,1
fintechs,1
talks,1
aftermath,1
disguise,1
gotten,1
lakhs,1
startup,1
innovate,1
disappear,1
jump,1
survival,1
telcos,1
reserve,1
india,1
committee,1
rbi,1
entrepreneurs,1
survivors,1
stone,1
photographs,1
cornell,1
wave,1
enablers,1
underwriting,1
twoclick,1
initiation,1
revisits,1
speedofuse,1
idrecognition,1
deflections,1
alwayson,1
ident,1
fiau,1
fma,1
qes,1
adoptions,1
specimen,1
kits,1
antecedents,1
refusals,1
automates,1
denials,1
typos,1
accreditation,1
personification,1
references,1
portrait,1
stake,1
scams,1
knowing,1
bureaucracy,1
cnpj,1
criminal,1
justice,1
denatran,1
vehicle,1
infractions,1
misconduct,1
organs,1
protests,1
approve,1
hire,1
stance,1
fluid,1
winning,1
perception,1
answer,1
taxation,1
handovers,1
varies,1
clean,1
reuters,1
dun,1
bradstreet,1
lexisnexis,1
bridger,1
xg,1
shots,1
ibm,1
mq,1
crud,1
establishment,1
endstate,1
heritage,1
specifications,1
external,1
geosign,1
cpas,1
issuer,1
printing,1
feet,1
quickrun,1
print,1
replica,1
microsite,1
crossplatform,1
footprint,1
fake,1
lowfriction,1
mix,1
convert,1
webcams,1
similarity,1
agedifference,1
eyeball,1
smartphones,1
camera,1
cipher,1
suites,1
poa,1
mismatches,1
executes,1
mappings,1
normalises,1
dario,1
crispini,1
kompanycom,1
brexio,1
roundtheclock,1
translation,1
brex,1
lyncs,1
engagements,1
linkage,1
exports,1
nterprise,1
grows,1
sync,1
reminder,1
servicelevel,1
delegate,1
csf,1
dss,1
highlevel,1
cracks,1
handoffs,1
tracking,1
flowchart,1
tap,1
warnings,1
assignments,1
resolutions,1
subtasks,1
interacts,1
controlsmanagem,1
publicrequest,1
restriction,1
pull,1
industrystandar,1
hipaa,1
reassessments,1
controlsaudit,1
disruptions,1
emergency,1
instruction,1
blueprint,1
subpolicies,1
exigencies,1
catastrophes,1
disasters,1
turmoil,1
missonto,1
indexit,1
screeningour,1
assessmentintel,1
assessmentour,1
triageour,1
accumulate,1
ranks,1
clusters,1
crossscenario,1
break,1
crimealerts,1
industryintelli,1
triagenot,1
equallythis,1
disposition,1
escalate,1
sourcesthis,1
crypto,1
destination,1
stiff,1
incomplete,1
enter,1
indexing,1
light,1
equation,1
calculatoralgor,1
dilligence,1
clears,1
licensespasspor,1
licensepassport,1
casestrack,1
fundsfollow,1
mixers,1
interfaceinvest,1
marketsspot,1
whocombines,1
analysiscorrela,1
blockchains,1
follow,1
bch,1
integrationthe,1
seizures,1
procedurescase,1
integrationa,1
modernizes,1
expands,1
proactive,1
firmwide,1
shift,1
humanexpertise,1
personpower,1
justify,1
hiding,1
tuning,1
casinos,1
conclusions,1
finger,1
tips,1
sarworthy,1
fiu,1
osfi,1
austrac,1
worldcompliance,1
accuity,1
avalanche,1
continuation,1
terminate,1
mils,1
dynamic,1
prepares,1
minimizing,1
errorprone,1
ctrsmils,1
optimizations,1
sam,1
predictability,1
endeavors,1
disrupt,1
intune,1
discipline,1
failures,1
exregulators,1
councils,1
customercentric,1
cybercrime,1
strike,1
brains,1
alter,1
decisioning,1
pervasive,1
swiftwire,1
lifetime,1
interdiction,1
rail,1
aggregators,1
wisdom,1
method,1
defraud,1
firstparty,1
clearer,1
deposits,1
sizes,1
multipayment,1
harmony,1
evolves,1
transription,1
analyzes,1
nexidia,1
mouse,1
tier,1
swapsotc,1
hoc,1
fraction,1
correlation,1
policydriven,1
attach,1
behavioral,1
sides,1
floor,1
compass,1
pbx,1
durations,1
recording,1
amf,1
consob,1
recipient,1
signatories,1
pepsanction,1
sops,1
facetoface,1
norhtrow,1
testers,1
fasttrack,1
timetomarket,1
simulate,1
budgets,1
customerclient,1
sinlge,1
continue,1
mappng,1
customersclient,1
monitoringpng,1
erodes,1
maintaining,1
completes,1
expensive,1
prison,1
sentences,1
yytetee,1
iconprocesseffi,1
iconregularaler,1
iconsingleapipn,1
iconstreamlineo,1
appointments,1
alan,1
matt,1
murphy,1
amber,1
ukus,1
oxford,1
license,1
hlaccent,1
rebecca,1
angus,1
verifying,1
sit,1
validating,1
estates,1
expiry,1
leadingedge,1
parttime,1
penalty,1
fine,1
spread,1
logistics,1
outofdate,1
visas,1
inability,1
encourage,1
guide,1
scanner,1
alongside,1
copies,1
nationalities,1
straightforward,1
servants,1
commissioners,1
mayors,1
district,1
assemblies,1
functionaries,1
newspapers,1
interpol,1
fbi,1
insolvent,1
snippets,1
uplift,1
minimises,1
maximises,1
signups,1
resets,1
give,1
shut,1
dip,1
ineffective,1
reps,1
caller,1
cent,1
replaces,1
retailers,1
pcs,1
phones,1
nothing,1
conveniences,1
thwarts,1
illicit,1
transacts,1
fabric,1
varying,1
scandals,1
architectures,1
extend,1
casebycase,1
resolver,1
multibillion,1
codebase,1
explanations,1
internals,1
exact,1
expansions,1
csv,1
infringement,1
finances,1
corporation,1
represent,1
net,1
designations,1
sorts,1
predicate,1
offenses,1
conspiracy,1
sustain,1
conviction,1
maximizing,1
definitions,1
wolfsberg,1
friends,1
repercussions,1
mountain,1
deepest,1
allegations,1
angle,1
uncover,1
standardization,1
choices,1
costefficiency,1
marries,1
stakeholder,1
counsels,1
hats,1
noise,1
manufacturer,1
inducements,1
exemption,1
inducement,1
bonus,1
determinations,1
kept,1
domicile,1
prohibition,1
redesign,1
rosetta,1
cdm,1
interpretations,1
maze,1
opacity,1
damages,1
enforces,1
cohesiveness,1
journeys,1
smarttpng,1
raw,1
googlelike,1
omspmsmdm,1
etl,1
crossquality,1
builder,1
dataprep,1
datasciencepng,1
apache,1
notebooks,1
realtimesmallpn,1
enjoy,1
flexiblesmallpn,1
multimodel,1
microservices,1
versionpng,1
audittrailsmall,1
knows,1
trujjjpng,1
publish,1
timemachine,1
asofdate,1
querying,1
rerun,1
financialtech,1
securitycomplia,1
secondfactor,1
fingerprints,1
sees,1
actor,1
intrusions,1
captchas,1
tolerance,1
sameday,1
baseline,1
stops,1
rat,1
simulators,1
vs,1
nonhuman,1
giovanni,1
initiative,1
urges,1
explicit,1
correctness,1
emphasise,1
deidentificatio,1
rectification,1
seminars,1
opinion,1
discriminationa,1
userfeedback,1
trainers,1
achievement,1
brochure,1
dedication,1
infringements,1
delight,1
reinforce,1
sendings,1
mails,1
begin,1
sending,1
socialite,1
walls,1
preserves,1
oneperson,1
styles,1
edition,1
editions,1
preservation,1
moderation,1
prereview,1
archiving,1
providing,1
intermedia,1
admins,1
refer,1
adobe,1
onestopshop,1
promise,1
judge,1
difficulties,1
residency,1
laissez,1
passer,1
conforms,1
digits,1
digit,1
qualification,1
receivership,1
pickings,1
roll,1
cais,1
ccj,1
bankruptcy,1
avoidance,1
scheme,1
recruitment,1
alliance,1
comprises,1
colleague,1
mlro,1
aedd,1
useful,1
watching,1
brief,1
apprise,1
circumstance,1
intersection,1
mission,1
hidden,1
faxes,1
worm,1
retrieve,1
falls,1
locker,1
disk,1
intervals,1
competent,1
leis,1
isins,1
comms,1
microscope,1
sound,1
bottom,1
possibilities,1
performers,1
fatcacrs,1
validator,1
w,1
breakout,1
drills,1
frees,1
labour,1
crosscheck,1
interoperabilit,1
overhead,1
severity,1
accidents,1
hands,1
sender,1
mistake,1
strongform,1
estimates,1
recipients,1
fpprone,1
lexicons,1
polices,1
conferencing,1
inhibitor,1
verticals,1
inhibitors,1
conferences,1
transcripts,1
summaries,1
multistep,1
scripttovideo,1
integrating,1
postreview,1
youtube,1
directories,1
compliancemd,1
scene,1
relevance,1
dirty,1
participantid,1
preregistration,1
reg,1
z,1
tila,1
cii,1
vwe,1
diagrams,1
swrv,1
redaction,1
entrylevel,1
midlevel,1
higheststrength,1
centre,1
south,1
ficakyc,1
roof,1
clientemployee,1
terrorists,1
maintains,1
creditworthines,1
beneficiaries,1
directorverify,1
checksthisisme,1
thieves,1
loans,1
judgements,1
defaults,1
warranty,1
vault,1
popi,1
cpa,1
reimburse,1
rand,1
aspire,1
asic,1
comfort,1
include,1
ctrader,1
currenex,1
iress,1
difficulty,1
remittances,1
marketplaces,1
bureaus,1
rolls,1
telephoneutilit,1
reliable,1
gamechanger,1
mnos,1
proximity,1
forwarding,1
telecommunicati,1
abandonment,1
forces,1
launderers,1
cip,1
uncovers,1
registrars,1
fronttoback,1
considerations,1
eldv,1
crosses,1
resides,1
trucerttm,1
bases,1
acts,1
install,1
enhancements,1
eprivacy,1
agile,1
trip,1
daas,1
dataasaservice,1
harvest,1
handinhand,1
intys,1
vadis,1
logon,1
regrade,1
accords,1
solvency,1
irish,1
non,1
reconfigure,1
materiality,1
registerrisk,1
controlsaml,1
fraudpolicies,1
trackingstaff,1
governanceit,1
compliancestrat,1
auditsinvestmen,1
abatement,1
concepts,1
steers,1
burdens,1
holders,1
complianceaudit,1
templatesspread,1
tcpa,1
bestpractice,1
colleagues,1
centralises,1
sure,1
peaceofmind,1
overheads,1
clientinvestor,1
pwc,1
suppliersvendor,1
spate,1
policyprocess,1
builtforpurpose,1
tracker,1
multi,1
cybercrimes,1
hacks,1
complement,1
interdealer,1
thats,1
bond,1
telephony,1
circuit,1
voxsmart,1
transact,1
restrict,1
vivek,1
ramachandran,1
hsbc,1
gsma,1
voicemessages,1
clips,1
clip,1
instruct,1
wall,1
whatsappphoto,1
pairs,1
toolbox,1
synchronisation,1
window,1
vsp,1
morning,1
afternoon,1
goodnight,1
mass,1
downloadall,1
vspcalls,1
sers,1
vspwidgets,1
widgets,1
rearrange,1
devil,1
forward,1
proposition,1
ekychecker,1
bsmart,1
allinone,1
affordability,1
pride,1
documentspecifi,1
inconvenience,1
kit,1
satisfactory,1
customersindivi,1
applicants,1
vital,1
dso,1
payees,1
safeguard,1
blacklist,1
protecting,1
verificationval,1
cultures,1
waymark,1
fair,1
easy,1
hack,1
mailboxes,1
usb,1
sticks,1
inconvenient,1
complies,1
referrals,1
patient,1
medication,1
patients,1
carers,1
